,Country name,Ladder score,upperwhisker,lowerwhisker,Explained by: Log GDP per capita,Explained by: Social support,Explained by: Healthy life expectancy,Explained by: Freedom to make life choices,Explained by: Generosity,Explained by: Perceptions of corruption,Dystopia + residual,Rank,Ladder level,happiness level,sum_factor,Explained by: Log GDP per capita_%,Explained by: Social support_%,Explained by: Healthy life expectancy_%,Explained by: Freedom to make life choices_%,Explained by: Generosity_%,Dystopia + residual_%,GDP_group,Region
0,Finland,7.736,7.81,7.662,1.749,1.783,0.824,0.986,0.11,0.502,1.782,1,extra hight,extra hight,7.234,24.17749516173625,24.64749792645839,11.390655239148465,13.630080176942217,1.5205971799834117,24.63367431573127,hight GDP,Europe
1,Denmark,7.521,7.611,7.431,1.825,1.748,0.82,0.955,0.15,0.488,1.535,2,extra hight,extra hight,7.033,25.949097113607277,24.854258495663302,11.659320346935873,13.578842599175314,2.1328025024882695,21.825678942129954,hight GDP,Europe
2,Iceland,7.515,7.606,7.425,1.799,1.84,0.873,0.971,0.201,0.173,1.659,3,extra hight,extra hight,7.343,24.499523355576738,25.057878251395888,11.888873757319898,13.223478142448592,2.737300830723138,22.592945662535747,hight GDP,Europe
3,Sweden,7.345,7.427,7.262,1.783,1.698,0.889,0.952,0.17,0.467,1.385,4,extra hight,extra hight,6.877,25.927003053657117,24.690998982114294,12.927148465900828,13.843245601279627,2.472008143085648,20.13959575396248,hight GDP,Europe
4,Netherlands,7.306,7.372,7.24,1.822,1.667,0.844,0.86,0.186,0.344,1.583,5,extra hight,extra hight,6.962000000000001,26.17064062051135,23.9442688882505,12.122953174375178,12.352772191898879,2.6716460787130134,22.737719046251076,hight GDP,Europe
5,Costa Rica,7.274,7.361,7.187,1.492,1.6,0.68,0.948,0.067,0.118,2.369,6,extra hight,extra hight,7.156000000000001,20.849636668529904,22.358859698155392,9.502515371716044,13.247624371157068,0.9362772498602571,33.105086640581334,middle GDP,America
6,Norway,7.262,7.353,7.171,1.902,1.711,0.863,0.962,0.168,0.425,1.231,7,extra hight,extra hight,6.837,27.819218955682317,25.025596021646923,12.622495246453122,14.070498756764662,2.457218078104432,18.004972941348544,hight GDP,Europe
7,Israel,7.234,7.301,7.168,1.695,1.743,0.824,0.74,0.144,0.193,1.895,8,extra hight,extra hight,7.041,24.073285044737965,24.755006391137623,11.702883113194147,10.509870756994745,2.045164039198977,26.91379065473654,hight GDP,Asia
8,Luxembourg,7.122,7.213,7.031,2.028,1.558,0.864,0.931,0.117,0.397,1.227,9,extra hight,extra hight,6.7250000000000005,30.15613382899628,23.167286245353157,12.847583643122675,13.843866171003716,1.7397769516728625,18.2453531598513,hight GDP,Europe
9,Mexico,6.979,7.068,6.889,1.435,1.504,0.55,0.879,0.057,0.118,2.438,10,extra hight,extra hight,6.863000000000001,20.909223371703334,21.914614600029136,8.013988051872358,12.80780999562873,0.8305405799213171,35.5238234008451,middle GDP,America
10,Australia,6.974,7.057,6.89,1.767,1.647,0.841,0.857,0.164,0.285,1.413,11,extra hight,extra hight,6.689,26.4165047092241,24.62251457616983,12.572880849155329,12.812079533562565,2.4517865151741667,21.124233816714007,hight GDP,Oceania
11,New Zealand,6.952,7.031,6.874,1.698,1.712,0.815,0.861,0.167,0.429,1.27,12,extra hight,extra hight,6.523,26.030967346313044,26.245592518779702,12.494251111451787,13.199448106699371,2.560171700137974,19.469569216618122,hight GDP,Oceania
12,Switzerland,6.935,7.015,6.854,1.87,1.622,0.883,0.889,0.156,0.468,1.047,13,extra hight,extra hight,6.467,28.916035255914647,25.081181382402974,13.653935364156489,13.746714086902736,2.412246791402505,16.189887119220657,hight GDP,Europe
13,Belgium,6.91,6.974,6.845,1.783,1.646,0.852,0.895,0.119,0.306,1.309,14,extra hight,extra hight,6.604,26.99878861296184,24.92428831011508,12.901271956390067,13.552392489400363,1.801938219261054,19.821320411871593,hight GDP,Europe
14,Ireland,6.889,6.977,6.801,1.988,1.659,0.823,0.906,0.179,0.382,0.952,15,extra hight,extra hight,6.507000000000001,30.5517135392654,25.49562010142923,12.647917627170738,13.92346703550023,2.750883663746734,14.630398032887657,hight GDP,Europe
15,Lithuania,6.829,6.912,6.746,1.684,1.699,0.592,0.702,0.031,0.123,1.998,16,extra hight,extra hight,6.7059999999999995,25.111840143155383,25.33552042946615,8.827915299731584,10.468237399343872,0.4622725917089174,29.7942141365941,hight GDP,Europe
16,Austria,6.81,6.891,6.728,1.791,1.592,0.814,0.856,0.179,0.28,1.297,17,extra hight,extra hight,6.529,27.43145964159902,24.383519681421355,12.467452902435289,13.110736713126053,2.7416143360392096,19.865216725379078,hight GDP,Europe
17,Canada,6.803,6.888,6.718,1.749,1.647,0.832,0.813,0.168,0.323,1.271,18,extra hight,extra hight,6.4799999999999995,26.990740740740744,25.41666666666667,12.839506172839506,12.546296296296298,2.592592592592593,19.614197530864196,hight GDP,America
18,Slovenia,6.792,6.889,6.695,1.692,1.718,0.802,0.961,0.121,0.113,1.384,19,extra hight,extra hight,6.678000000000001,25.336927223719673,25.726265348906857,12.009583707696915,14.390536088649295,1.811919736448038,20.72476789457921,hight GDP,Europe
19,Czechia,6.775,6.854,6.696,1.692,1.716,0.658,0.916,0.118,0.084,1.591,20,extra hight,extra hight,6.691000000000001,25.287699895381856,25.646390674039754,9.834105514870721,13.690031385443133,1.7635629950680014,23.778209535196527,hight GDP,Europe
20,United Arab Emirates,6.759,6.846,6.673,1.812,1.294,0.659,0.934,0.165,0.235,1.66,21,extra hight,extra hight,6.524,27.774371551195586,19.83445738810546,10.10116492949111,14.316370324954017,2.529123237277744,25.444512568976087,hight GDP,Asia
21,Germany,6.753,6.854,6.652,1.785,1.625,0.776,0.858,0.148,0.351,1.21,22,extra hight,extra hight,6.401999999999999,27.881911902530458,25.382692908466108,12.121212121212123,13.402061855670105,2.311777569509528,18.900343642611688,hight GDP,Europe
22,United Kingdom,6.728,6.809,6.647,1.725,1.562,0.779,0.872,0.211,0.318,1.26,23,extra hight,extra hight,6.409,26.915275393977222,24.371976907473865,12.15478233733812,13.605866749882978,3.2922452800748943,19.659853331252926,hight GDP,Europe
23,United States,6.724,6.82,6.629,1.839,1.614,0.604,0.644,0.171,0.161,1.69,24,extra hight,extra hight,6.562000000000001,28.02499238037183,24.596159707406276,9.204510819871988,9.814081072843644,2.605912831453825,25.75434318805242,hight GDP,America
24,Belize,6.711,6.989,6.432,1.256,1.54,0.525,1.018,0.072,0.082,2.218,25,extra hight,extra hight,6.6290000000000004,18.94705083723035,23.231256599788804,7.9197465681098205,15.356765726353899,1.086136672197918,33.4590435963192,low GDP,America
25,Poland,6.673,6.734,6.611,1.666,1.595,0.63,0.79,0.021,0.169,1.802,26,extra hight,extra hight,6.504,25.615006150061504,24.523370233702337,9.686346863468636,12.146371463714638,0.3228782287822879,27.706027060270603,hight GDP,Europe
26,Taiwan Province of China,6.669,6.76,6.579,1.73,1.583,0.817,0.76,0.057,0.187,1.534,27,extra hight,extra hight,6.481,26.69341151056936,24.425243018052768,12.60607930874865,11.726585403487116,0.8794939052615337,23.669186853880575,hight GDP,Asia
27,Uruguay,6.661,6.743,6.578,1.554,1.654,0.523,0.913,0.078,0.197,1.741,28,extra hight,extra hight,6.463000000000001,24.044561349218625,25.591830419309915,8.09221723657744,14.126566609933466,1.206869874671205,26.937954510289337,middle GDP,America
28,Kosovo,6.659,6.761,6.557,1.281,1.454,0.896,0.893,0.201,0.087,1.847,29,extra hight,extra hight,6.571999999999999,19.49178332318929,22.124163116250763,13.633597078514914,13.587948874010959,3.0584297017650646,28.10407790626902,low GDP,Europe
29,Kuwait,6.629,6.738,6.52,1.691,1.481,0.766,0.934,0.143,0.167,1.448,30,extra hight,extra hight,6.462999999999999,26.1643199752437,22.915054928051994,11.852081076899275,14.451493114652642,2.212594770230543,22.404456134921865,hight GDP,Asia
30,Serbia,6.606,6.698,6.513,1.489,1.62,0.545,0.767,0.131,0.107,1.946,31,extra hight,extra hight,6.498,22.91474299784549,24.930747922437675,8.387196060326255,11.80363188673438,2.0160049245921825,29.947676208064017,middle GDP,Europe
31,Saudi Arabia,6.6,6.702,6.497,1.743,1.566,0.714,0.915,0.105,0.187,1.37,32,extra hight,extra hight,6.413,27.179167316388586,24.419148604397318,11.133634804303757,14.267893341649774,1.637299235927023,21.362856697333545,hight GDP,Asia
32,France,6.593,6.668,6.517,1.733,1.535,0.832,0.743,0.099,0.264,1.386,33,extra hight,extra hight,6.328,27.386219974715548,24.25726927939317,13.147914032869783,11.741466498103666,1.5644753476611883,21.902654867256636,hight GDP,Europe
33,Singapore,6.565,6.65,6.481,2.022,1.565,0.935,0.856,0.164,0.522,0.501,34,extra hight,extra hight,6.043,33.46020188648022,25.897732914115508,15.472447459870924,14.165149760052953,2.7138838325335097,8.29058414694688,hight GDP,Asia
34,Romania,6.563,6.655,6.47,1.636,1.401,0.561,0.847,0.028,0.015,2.075,35,extra hight,extra hight,6.548,24.984728161270613,21.395846059865608,8.567501527183873,12.935247403787415,0.42761148442272445,31.689065363469766,middle GDP,Europe
35,Brazil,6.494,6.593,6.394,1.391,1.519,0.48,0.83,0.089,0.127,2.057,36,extra hight,extra hight,6.366,21.850455545083257,23.86113729186302,7.5400565504241275,13.038014451775053,1.398052152057807,32.31228400879673,middle GDP,America
36,El Salvador,6.492,6.619,6.365,1.222,1.228,0.559,0.955,0.054,0.264,2.211,37,extra hight,extra hight,6.229000000000001,19.61791619842671,19.71423984588216,8.974153154599454,15.33151388665917,0.8669128270990527,35.49526408733343,low GDP,America
37,Spain,6.466,6.547,6.385,1.69,1.685,0.894,0.734,0.112,0.18,1.17,38,hight,hight,6.285,26.889419252187746,26.809864757358792,14.22434367541766,11.67859984089101,1.7820206841686554,18.61575178997613,hight GDP,Europe
38,Estonia,6.417,6.497,6.337,1.65,1.716,0.642,0.902,0.128,0.378,1.001,39,hight,hight,6.039,27.322404371584703,28.415300546448087,10.63089915548932,14.93624772313297,2.1195562179168737,16.57559198542805,hight GDP,Europe
39,Italy,6.415,6.521,6.309,1.724,1.526,0.852,0.641,0.082,0.071,1.517,40,hight,hight,6.3420000000000005,27.183853673919895,24.061810154525386,13.434247871333962,10.10722169662567,1.2929675181330809,23.919899085461996,hight GDP,Europe
40,Panama,6.407,6.531,6.284,1.594,1.6,0.717,0.876,0.041,0.042,1.537,41,hight,hight,6.365,25.04320502749411,25.13747054202671,11.264728986645718,13.762765121759625,0.6441476826394344,24.147682639434404,middle GDP,America
41,Argentina,6.397,6.492,6.302,1.504,1.622,0.579,0.824,0.048,0.083,1.736,42,hight,hight,6.313,23.823855536195154,25.693014414699828,9.17155076825598,13.052431490575003,0.7603358149849517,27.49881197528909,middle GDP,America
42,Kazakhstan,6.378,6.462,6.294,1.586,1.688,0.504,0.878,0.111,0.118,1.492,43,hight,hight,6.2589999999999995,25.339511104010228,26.96916440325931,8.05240453746605,14.027799968046015,1.7734462374181181,23.837673749800288,middle GDP,Asia
43,Guatemala,6.362,6.503,6.222,1.249,1.33,0.376,0.882,0.075,0.085,2.365,44,hight,hight,6.277000000000001,19.898040465190377,21.188465827624658,5.9901226700653165,14.05129839095109,1.1948382985502626,37.67723434761829,low GDP,America
44,Chile,6.361,6.449,6.273,1.537,1.577,0.711,0.779,0.093,0.085,1.579,45,hight,hight,6.276,24.49012109623964,25.127469725940088,11.328871892925429,12.41236456341619,1.4818355640535372,25.15933715742511,middle GDP,America
45,Viet Nam,6.352,6.424,6.28,1.278,1.533,0.631,1.012,0.039,0.174,1.684,46,hight,hight,6.1770000000000005,20.689655172413794,24.817872753763957,10.21531487777238,16.383357616966162,0.6313744536182613,27.262425125465434,low GDP,Asia
46,Nicaragua,6.33,6.475,6.186,1.084,1.47,0.646,0.912,0.103,0.271,1.844,47,hight,hight,6.059,17.89074104637729,24.261429278758868,10.661825383726688,15.051988777025912,1.699950486879023,30.434065027232215,low GDP,America
47,Malta,6.316,6.398,6.234,1.76,1.671,0.837,0.837,0.217,0.115,0.879,48,hight,hight,6.200999999999999,28.38251894855669,26.947266569908084,13.497822931785198,13.497822931785198,3.499435574907274,14.175133043057574,hight GDP,Europe
48,Thailand,6.222,6.327,6.117,1.426,1.551,0.633,0.927,0.223,0.039,1.423,49,hight,hight,6.183,23.06323791039948,25.084910237748666,10.237748665696264,14.992721979621543,3.606663431990943,23.014717774543104,middle GDP,Asia
49,Slovakia,6.221,6.288,6.154,1.629,1.762,0.547,0.704,0.058,0.07,1.451,50,hight,hight,6.151,26.48349861811088,28.645748658754677,8.892862949113967,11.4452934482198,0.9429361079499269,23.589660217850756,middle GDP,Europe
50,Latvia,6.207,6.292,6.123,1.619,1.711,0.503,0.789,0.108,0.082,1.396,51,hight,hight,6.1259999999999994,26.428338230492983,27.930133855697033,8.210904342148222,12.879529872673851,1.762977473065622,22.788116225922302,middle GDP,Europe
51,Oman,6.197,6.42,5.973,1.603,1.411,0.5,0.93,0.142,,,52,hight,hight,4.586,34.95420846053205,30.76755342346271,10.902747492368075,20.279110335804624,3.0963802878325333,,middle GDP,Asia
52,Uzbekistan,6.193,6.297,6.088,1.179,1.615,0.654,0.977,0.195,0.208,1.364,53,hight,hight,5.984,19.702540106951872,26.988636363636363,10.929144385026738,16.326871657754012,3.258689839572192,22.794117647058826,low GDP,Asia
53,Paraguay,6.172,6.279,6.064,1.329,1.615,0.291,0.921,0.097,0.063,1.857,54,hight,hight,6.11,21.751227495908346,26.43207855973813,4.762684124386252,15.073649754500817,1.5875613747954174,30.39279869067103,low GDP,America
54,Japan,6.147,6.23,6.063,1.678,1.55,0.921,0.746,0.014,0.2,1.038,55,hight,hight,5.947,28.2159071800908,26.06356145955944,15.486800067260804,12.544139902471835,0.23541281318311755,17.454178577434,hight GDP,Asia
55,Bosnia and Herzegovina,6.136,6.234,6.039,1.405,1.545,0.616,0.749,0.178,0.009,1.635,56,hight,hight,6.128,22.927545691906005,25.212140992167097,10.052219321148826,12.222584856396866,2.9046997389033944,26.680809399477805,middle GDP,Europe
56,Philippines,6.107,6.22,5.994,1.177,1.385,0.315,0.966,0.075,0.11,2.079,57,hight,hight,5.997,19.626479906619977,23.094880773720195,5.252626313156578,16.10805402701351,1.250625312656328,34.66733366683342,low GDP,Asia
57,Republic of Korea,6.038,6.131,5.945,1.709,1.357,0.903,0.678,0.1,0.139,1.152,58,hight,hight,5.899,28.971012035938298,23.003898965926428,15.307679267672485,11.493473470079675,1.6952025767079166,19.5287336836752,hight GDP,Asia
58,Bahrain,6.03,6.17,5.891,1.752,1.391,0.609,0.907,0.148,0.167,1.057,59,hight,hight,5.863999999999999,29.87721691678036,23.721009549795365,10.385402455661666,15.467257844474764,2.5238744884038202,18.02523874488404,hight GDP,Asia
59,Portugal,6.013,6.118,5.907,1.646,1.56,0.822,0.879,0.04,0.034,1.032,60,hight,hight,5.979,27.52968723866867,26.09131961866533,13.748118414450575,14.701455092824887,0.6690081953503931,17.26041144004014,middle GDP,Europe
60,Colombia,6.004,6.112,5.897,1.38,1.513,0.587,0.777,0.039,0.051,1.658,61,hight,hight,5.953999999999999,23.17769566677864,25.41148807524354,9.858918374202217,13.05005038629493,0.6550218340611356,27.846825663419555,middle GDP,America
61,Ecuador,5.965,6.083,5.848,1.299,1.32,0.702,0.712,0.058,0.066,1.808,62,hight,hight,5.898999999999999,22.02068147143584,22.376674012544502,11.900322088489576,12.069842346160367,0.9832174944905918,30.64926258687914,low GDP,America
62,Honduras,5.964,6.108,5.821,1.036,1.187,0.436,0.862,0.134,0.079,2.229,63,hight,hight,5.884,17.60707002039429,20.173351461590755,7.4099252209381365,14.649898028552006,2.277362338545207,37.8823929299796,extra low GDP,America
63,Malaysia,5.955,6.055,5.854,1.571,1.315,0.446,0.991,0.181,0.11,1.341,64,hight,hight,5.845000000000001,26.87767322497861,22.497861420017102,7.630453378956373,16.9546621043627,3.096663815226689,22.94268605645851,middle GDP,Asia
64,Peru,5.947,6.049,5.844,1.323,1.364,0.551,0.71,0.05,0.021,1.929,65,hight,hight,5.9270000000000005,22.3215792137675,23.013328834148812,9.29644002024633,11.979078791968954,0.8435970980259827,32.54597604184241,low GDP,America
65,Russian Federation,5.945,6.026,5.865,1.63,1.549,0.47,0.702,0.095,0.125,1.373,66,hight,hight,5.819,28.011685856676404,26.619694105516412,8.076989173397491,12.063928510053273,1.6325829180271523,23.595119436329266,middle GDP,Europe
66,Cyprus,5.942,6.058,5.827,1.72,1.348,0.84,0.612,0.108,0.041,1.273,67,hight,hight,5.900999999999999,29.14760210133876,22.84358583290968,14.23487544483986,10.371123538383326,1.8301982714794107,21.572614811048975,hight GDP,Europe
67,China,5.921,6.023,5.819,1.445,1.307,0.789,0.764,0.079,0.154,1.382,68,hight,hight,5.765999999999999,25.060700659035735,22.66736038848422,13.683662851196674,13.250086715227196,1.3701005896635452,23.968088796392646,middle GDP,Asia
68,Hungary,5.915,6.02,5.809,1.638,1.742,0.587,0.681,0.099,0.057,1.111,69,hight,hight,5.858,27.96176169341072,29.737111642198705,10.0204848071014,11.625128030044385,1.6899965858654835,18.965517241379313,middle GDP,Europe
69,Trinidad and Tobago,5.905,6.159,5.651,1.549,1.532,0.419,0.76,0.111,0.001,1.533,70,hight,hight,5.904,26.236449864498645,25.94850948509485,7.0968834688346885,12.872628726287264,1.8800813008130084,25.965447154471544,middle GDP,Asia
70,Montenegro,5.877,5.965,5.789,1.507,1.551,0.618,0.768,0.075,0.138,1.22,71,hight,hight,5.739,26.258930127199857,27.025614218504966,10.76842655514898,13.38212232096184,1.3068478829064296,21.258058895277923,middle GDP,Europe
71,Croatia,5.87,5.963,5.777,1.644,1.673,0.669,0.478,0.022,0.065,1.319,72,hight,hight,5.805000000000001,28.320413436692505,28.819982773471143,11.52454780361757,8.234280792420327,0.37898363479758823,22.72179155900086,middle GDP,Europe
72,Jamaica,5.87,6.178,5.563,1.182,1.545,0.504,0.869,0.075,0.019,1.676,72,hight,hight,5.851,20.20167492736284,26.40574260810118,8.613912151768927,14.852162023585711,1.2818321654418048,28.644676123739533,low GDP,Asia
73,Bolivia,5.868,5.977,5.758,1.173,1.356,0.346,0.817,0.067,0.052,2.057,74,hight,hight,5.816000000000001,20.168500687757906,23.31499312242091,5.949105914718018,14.047455295735897,1.1519944979367263,35.36795048143053,low GDP,America
74,Kyrgyzstan,5.858,5.938,5.778,1.032,1.715,0.647,0.981,0.169,0.053,1.261,75,middle,middle,5.805,17.77777777777778,29.543496985357454,11.145564168819984,16.899224806201552,2.911283376399656,21.722652885443583,extra low GDP,Asia
75,Dominican Republic,5.846,5.988,5.705,1.457,1.5,0.615,0.866,0.063,0.186,1.16,76,middle,middle,5.661,25.737502208090447,26.497085320614733,10.863804981452041,15.297650591768239,1.1128775834658189,20.491079314608726,middle GDP,America
76,Mongolia,5.833,5.919,5.747,1.336,1.731,0.423,0.629,0.18,0.053,1.481,77,middle,middle,5.779999999999999,23.114186851211077,29.948096885813154,7.318339100346022,10.882352941176473,3.114186851211073,25.62283737024222,low GDP,Asia
77,Mauritius,5.832,5.948,5.715,1.499,1.521,0.617,0.761,0.095,0.13,1.209,78,middle,middle,5.702,26.289021396001406,26.674850929498422,10.820764643984566,13.346194317783233,1.6660820764643984,21.20308663626798,middle GDP,Others
78,Libya,5.82,5.913,5.727,1.247,1.309,0.549,0.724,0.111,0.214,1.666,79,middle,middle,5.606,22.24402425972173,23.34998216196932,9.793078844095612,12.914734213342847,1.9800214056368177,29.71815911523368,low GDP,Others
79,Republic of Moldova,5.819,5.933,5.706,1.332,1.43,0.414,0.83,0.054,0.037,1.722,80,middle,middle,5.782,23.037011414735385,24.731926668972672,7.160152196471809,14.354894500172948,0.9339328951919751,29.782082324455207,low GDP,Europe
80,Greece,5.776,5.875,5.677,1.608,1.438,0.725,0.396,0.003,0.063,1.543,81,middle,middle,5.713000000000001,28.1463329249081,25.170663399264832,12.690355329949234,6.931559600910204,0.052511815158410635,27.0085769298092,middle GDP,Europe
81,Venezuela,5.683,5.796,5.57,0.0,1.493,0.515,0.702,0.154,0.117,2.701,82,middle,middle,5.5649999999999995,0.0,26.828391734052115,9.254267744833784,12.61455525606469,2.767295597484277,48.535489667565145,extra low GDP,America
82,Indonesia,5.617,5.717,5.516,1.288,1.372,0.454,0.918,0.323,0.044,1.218,83,middle,middle,5.573,23.111430109456307,24.618697290507804,8.146420240445003,16.472277050062804,5.795801184281356,21.855374125246723,low GDP,Asia
83,Algeria,5.571,5.674,5.469,1.315,1.363,0.782,0.522,0.057,0.219,1.313,84,middle,middle,5.352,24.57025411061285,25.467115097159937,14.611360239162929,9.753363228699552,1.0650224215246635,24.532884902840056,low GDP,Others
84,Bulgaria,5.554,5.647,5.46,1.573,1.725,0.463,0.708,0.055,0.0,1.029,85,middle,middle,5.553,28.32703043399964,31.064289573203673,8.337835404285972,12.749864937871418,0.990455609580407,18.530524041058886,middle GDP,Europe
85,North Macedonia,5.503,5.597,5.409,1.458,1.537,0.544,0.637,0.13,0.007,1.19,86,middle,middle,5.496,26.52838427947598,27.965793304221247,9.8981077147016,11.590247452692868,2.365356622998544,21.652110625909753,middle GDP,Europe
86,Armenia,5.494,5.596,5.391,1.391,1.349,0.828,0.786,0.032,0.158,0.95,87,middle,middle,5.336,26.06821589205397,25.281109445277362,15.517241379310342,14.730134932533733,0.5997001499250375,17.803598200899547,middle GDP,Asia
87,Hong Kong SAR of China,5.491,5.566,5.417,1.79,1.41,0.948,0.674,0.116,0.386,0.168,88,middle,middle,5.106,35.05679592636115,27.614571092831962,18.566392479435958,13.20015667841755,2.2718370544457502,3.290246768507638,hight GDP,Asia
88,Albania,5.411,5.539,5.284,1.371,1.122,0.696,0.841,0.103,0.057,1.22,89,middle,middle,5.353,25.61180646366524,20.96020922847002,13.00205492247338,15.710816364655333,1.9241546796189053,22.790958341117133,middle GDP,Europe
89,Tajikistan,5.411,5.485,5.337,0.914,1.555,0.658,,0.085,0.342,,89,middle,middle,3.2119999999999997,28.455790784557912,48.41220423412204,20.485678704856788,,2.646326276463263,,extra low GDP,Asia
90,Georgia,5.4,5.496,5.304,1.444,1.275,0.482,0.844,0.0,0.172,1.182,91,middle,middle,5.227,27.62578917160895,24.3925770040176,9.221350679165868,16.146929405012433,0.0,22.613353740195137,middle GDP,Asia
91,Nepal,5.311,5.437,5.184,0.944,1.21,0.463,0.764,0.155,0.099,1.676,92,middle,middle,5.212,18.112049117421336,23.215656178050654,8.883346124328474,14.658480429777438,2.9739063699155794,32.15656178050653,extra low GDP,Asia
92,Lao PDR,5.301,5.422,5.179,1.122,1.01,0.493,0.916,0.145,0.164,1.452,93,middle,middle,5.138,21.837290774620477,19.657454262358893,9.59517321915142,17.827948618139356,2.822109770338653,28.2600233553912,low GDP,Asia
93,Türkiye,5.262,5.347,5.178,1.582,1.444,0.626,0.244,0.04,0.104,1.223,94,middle,middle,5.159,30.664857530529176,27.98992052723396,12.134134522194225,4.729598759449505,0.7753440589261485,23.706144601666992,middle GDP,Asia
94,South Africa,5.213,5.339,5.086,1.283,1.465,0.142,0.676,0.064,0.043,1.54,95,middle,middle,5.17,24.81624758220503,28.336557059961315,2.7466150870406185,13.075435203094779,1.2379110251450676,29.78723404255319,low GDP,Others
95,Mozambique,5.19,5.376,5.004,0.559,1.131,0.124,0.813,0.127,0.173,2.262,96,middle,middle,5.016,11.144338118022329,22.547846889952154,2.472089314194577,16.208133971291865,2.5318979266347688,45.09569377990431,extra low GDP,Others
96,Gabon,5.12,5.256,4.985,1.386,1.224,0.387,0.651,0.042,0.086,1.343,97,middle,middle,5.0329999999999995,27.53824756606398,24.319491357043514,7.689250943771111,12.934631432545205,0.8344923504867874,26.683886350089413,middle GDP,Others
97,Côte d’Ivoire,5.102,5.238,4.967,1.038,0.76,0.206,0.661,0.1,0.162,2.176,98,middle,middle,4.941000000000001,21.00789313904068,15.381501720299532,4.169196518923294,13.377858733049989,2.0238818053025702,44.03966808338392,low GDP,Others
98,Iran,5.093,5.193,4.994,1.33,1.367,0.609,0.456,0.202,0.122,1.007,99,middle,middle,4.971,26.755180044256687,27.499497083081874,12.251056125528063,9.173204586602294,4.063568698451016,20.257493462080063,low GDP,Asia
99,Congo,5.03,5.205,4.855,1.023,0.796,0.336,0.626,0.082,0.126,2.04,100,middle,middle,4.903,20.864776667346522,16.234958188863963,6.852947175198859,12.767693249031206,1.672445441566388,41.60717927799307,extra low GDP,Others
100,Iraq,4.976,5.085,4.866,1.261,1.275,0.589,0.503,0.1,0.069,1.178,101,middle,middle,4.906,25.703220546269872,25.988585405625763,12.005707297187119,10.252751732572362,2.0383204239706485,24.011414594374237,low GDP,Asia
101,Guinea,4.929,5.07,4.787,0.873,0.791,0.306,0.676,0.157,0.098,2.027,102,middle,middle,4.83,18.074534161490682,16.3768115942029,6.3354037267080745,13.995859213250519,3.250517598343685,41.966873706004144,extra low GDP,Others
102,Namibia,4.911,5.025,4.797,1.182,1.482,0.104,0.564,0.052,0.056,1.47,103,middle,middle,4.854,24.351050679851667,30.53152039555006,2.142562834775443,11.619283065512978,1.0712814173877214,30.284301606922128,low GDP,Others
103,Cameroon,4.887,5.007,4.767,0.944,0.986,0.302,0.662,0.099,0.06,1.834,104,middle,middle,4.827,19.556660451626268,20.42676610731303,6.256474000414336,13.71452247772944,2.050963331261653,37.99461363165527,extra low GDP,Others
104,Nigeria,4.885,5.022,4.748,0.989,1.245,0.38,0.639,0.17,0.028,1.433,105,middle,middle,4.856,20.366556836902802,25.638385502471174,7.8253706754530485,13.158978583196046,3.5008237232289954,29.509884678747945,extra low GDP,Others
105,Azerbaijan,4.875,4.969,4.78,1.428,1.03,0.707,0.785,0.076,0.179,0.67,106,middle,middle,4.696,30.40885860306644,21.933560477001706,15.055366269165246,16.716354344122657,1.61839863713799,14.267461669505966,middle GDP,Asia
106,Senegal,4.856,4.979,4.732,0.907,0.977,0.433,0.767,0.129,0.09,1.553,107,middle,middle,4.766,19.030633655056654,20.499370541334454,9.085186739404111,16.09315988250105,2.706672261854805,32.58497691984893,extra low GDP,Others
107,State of Palestine,4.78,4.886,4.675,1.047,1.456,,0.618,0.055,0.081,,108,middle,middle,3.176,32.96599496221662,45.843828715365234,,19.45843828715365,1.7317380352644838,,low GDP,Asia
108,Pakistan,4.768,4.892,4.644,0.982,0.759,0.417,0.529,0.136,0.046,1.898,109,middle,middle,4.721,20.800677822495235,16.077102308832874,8.832874391018851,11.205253124338064,2.8807456047447575,40.20334674857022,extra low GDP,Asia
109,Niger,4.725,4.863,4.588,0.606,0.796,0.258,0.759,0.122,0.137,2.048,110,middle,middle,4.589,13.20549139246023,17.345826977555024,5.622139899760295,16.539551100457615,2.658531270429287,44.62845935933754,extra low GDP,Others
110,Ukraine,4.68,4.794,4.565,1.328,1.472,0.472,0.689,0.245,0.023,0.451,111,low,low,4.656999999999999,28.516212153747055,31.608331543912392,10.135280223319736,14.79493235988834,5.2608975735452015,9.68434614558729,low GDP,Europe
111,Morocco,4.622,4.736,4.509,1.139,0.635,0.585,0.748,0.031,0.095,1.388,112,low,low,4.526,25.165709235528062,14.030048608042422,12.925320371188686,16.52673442333186,0.6849315068493151,30.667255855059654,low GDP,Others
112,Tunisia,4.552,4.633,4.47,1.257,1.224,0.459,0.382,0.032,0.05,1.149,113,low,low,4.503,27.914723517654892,27.181878747501663,10.193204530313125,8.483233399955585,0.7106373528758605,25.51632245169887,low GDP,Others
113,Mauritania,4.542,4.676,4.408,1.023,0.919,0.516,0.454,0.113,0.195,1.323,114,low,low,4.348000000000001,23.528058877644888,21.136154553817846,11.867525298988038,10.44158233670653,2.5988960441582334,30.427782888684447,extra low GDP,Others
114,Kenya,4.51,4.636,4.384,0.994,1.047,0.448,0.649,0.22,0.073,1.079,115,low,low,4.437,22.402524228082036,23.597025016903313,10.09691232814965,14.627000225377508,4.958305161144917,24.31823304034257,extra low GDP,Others
115,Uganda,4.461,4.587,4.336,0.762,1.342,0.396,0.751,0.148,0.05,1.012,116,low,low,4.411,17.274994332350943,30.42394014962594,8.977556109725688,17.025617773747452,3.3552482430287918,22.9426433915212,extra low GDP,Others
116,Gambia,4.423,4.53,4.315,0.778,0.958,0.348,0.611,0.255,0.045,1.428,117,low,low,4.378,17.77067153951576,21.88213796253997,7.948835084513475,13.956144358154408,5.824577432617634,32.61763362265875,extra low GDP,Others
117,India,4.389,4.457,4.32,1.149,0.86,0.316,0.914,0.141,0.12,0.889,118,low,low,4.269,26.91496837666901,20.145233075661746,7.402201920824549,21.410166315296323,3.302881236823612,20.82454907472476,low GDP,Asia
118,Chad,4.384,4.515,4.253,0.592,0.902,0.242,0.477,0.175,0.111,1.884,119,low,low,4.272,13.85767790262172,21.11423220973783,5.664794007490636,11.165730337078651,4.096441947565543,44.10112359550561,extra low GDP,Others
119,Burkina Faso,4.383,4.506,4.26,0.724,0.828,0.296,0.671,0.142,0.218,1.504,120,low,low,4.165,17.38295318127251,19.879951980792317,7.106842737094837,16.11044417767107,3.409363745498199,36.11044417767107,extra low GDP,Others
120,Benin,4.357,4.492,4.222,0.855,0.228,0.357,0.679,0.092,0.238,1.909,121,low,low,4.12,20.75242718446602,5.533980582524272,8.66504854368932,16.480582524271846,2.233009708737864,46.33495145631068,extra low GDP,Others
121,Somalia,4.347,4.49,4.203,0.535,0.877,0.046,0.916,0.206,0.192,1.575,122,low,low,4.155,12.876052948255115,21.107099879663053,1.1070998796630565,22.04572803850782,4.957882069795427,37.906137184115515,extra low GDP,Others
122,Mali,4.345,4.457,4.232,0.709,0.908,0.318,0.767,0.093,0.114,1.436,123,low,low,4.231,16.757267785393523,21.460647601039945,7.515953675254078,18.128102103521627,2.19806192389506,33.93996691089577,extra low GDP,Others
123,Cambodia,4.341,4.446,4.237,1.049,1.215,0.481,0.988,0.138,0.078,0.393,124,low,low,4.264,24.60131332082551,28.494371482176362,11.280487804878048,23.17073170731707,3.236397748592871,9.216697936210132,low GDP,Asia
124,Ghana,4.34,4.444,4.235,1.053,1.01,0.438,0.771,0.139,0.025,0.904,125,low,low,4.3149999999999995,24.40324449594438,23.406720741599077,10.150637311703361,17.867902665121672,3.2213209733487838,20.95017381228274,low GDP,Others
125,Myanmar,4.321,4.471,4.172,0.975,1.144,0.446,0.569,0.322,0.163,0.702,126,low,low,4.1579999999999995,23.44877344877345,27.513227513227513,10.726310726310729,13.684463684463685,7.744107744107745,16.883116883116884,extra low GDP,Asia
126,Togo,4.315,4.43,4.2,0.757,0.736,0.378,0.576,0.097,0.153,1.618,127,low,low,4.162,18.188370975492553,17.683805862566075,9.0821720326766,13.839500240269102,2.3306102835175397,38.875540605478136,extra low GDP,Others
127,Jordan,4.31,4.426,4.193,1.158,1.202,0.573,0.7,0.051,0.164,0.461,128,low,low,4.1450000000000005,27.93727382388419,28.99879372738238,13.823884197828706,16.887816646562122,1.2303980699638115,11.12183353437877,low GDP,Asia
128,Liberia,4.277,4.444,4.111,0.582,0.888,0.324,0.653,0.143,0.068,1.618,129,low,low,4.208,13.83079847908745,21.102661596958175,7.6996197718631185,15.5180608365019,3.3982889733840302,38.450570342205324,extra low GDP,Others
129,Madagascar,4.157,4.265,4.05,0.588,0.938,0.341,0.292,0.131,0.118,1.751,130,low,low,4.041,14.55085374907201,23.21207621875773,8.43850532046523,7.22593417470923,3.241771838653799,43.33085869834199,extra low GDP,Others
130,Zambia,3.912,4.056,3.769,0.848,1.013,0.233,0.872,0.131,0.107,0.709,131,low,low,3.8059999999999996,22.28060956384656,26.615869679453496,6.1219127693116135,22.911192853389387,3.441933788754598,18.628481345244353,extra low GDP,Others
131,Ethiopia,3.898,4.011,3.786,0.757,1.051,0.416,0.54,0.182,0.1,0.852,132,low,low,3.7979999999999996,19.93154291732491,27.672459189046865,10.953133228014746,14.218009478672988,4.791995787256451,22.432859399684048,extra low GDP,Others
132,Sri Lanka,3.891,4.001,3.78,1.271,1.308,0.567,0.696,0.121,0.025,-0.099,133,low,low,3.8639999999999994,32.89337474120083,33.85093167701864,14.673913043478262,18.012422360248447,3.1314699792960665,-2.5621118012422364,low GDP,Asia
133,Bangladesh,3.851,3.949,3.753,1.116,0.286,0.592,0.92,0.11,0.132,0.695,134,low,low,3.719,30.008066684592638,7.690239311642914,15.91825759612799,24.737832750739447,2.9577843506318904,18.687819306265123,low GDP,Asia
134,Egypt,3.817,3.909,3.725,1.347,1.075,0.473,0.593,0.018,0.103,0.21,135,low,low,3.7159999999999993,36.248654467169004,28.928955866523147,12.728740581270184,15.95801937567277,0.4843918191603876,5.651237890204522,middle GDP,Others
135,Tanzania,3.8,3.938,3.661,0.847,0.908,0.411,0.858,0.153,0.243,0.38,136,low,low,3.557,23.81220129322463,25.527129603598542,11.554680910879954,24.1214506606691,4.301377565364071,10.683159966263705,extra low GDP,Others
136,Eswatini,3.774,3.893,3.654,1.183,1.152,0.038,0.428,0.054,0.13,0.79,137,low,low,3.6449999999999996,32.455418381344316,31.604938271604937,1.0425240054869687,11.742112482853225,1.4814814814814816,21.673525377229083,low GDP,Others
137,Lesotho,3.757,3.957,3.558,0.737,1.131,0.0,0.606,0.065,0.072,1.145,138,low,low,3.6839999999999997,20.00542888165038,30.700325732899024,0.0,16.449511400651467,1.7643865363735072,31.080347448425627,extra low GDP,Others
138,Comoros,3.754,3.919,3.59,0.835,0.501,0.428,0.26,0.117,0.164,1.45,139,low,low,3.591,23.25257588415483,13.951545530492899,11.91868560289613,7.240323029796714,3.258145363408521,40.3787245892509,extra low GDP,Others
139,Yemen,3.561,3.714,3.408,0.631,1.482,0.375,0.447,0.066,0.106,0.454,140,low,low,3.455,18.263386396526773,42.89435600578871,10.85383502170767,12.937771345875543,1.91027496382055,13.140376266280754,extra low GDP,Asia
140,DR Congo,3.469,3.608,3.331,0.544,0.929,0.278,0.6,0.151,0.061,0.906,141,low,low,3.408,15.962441314553994,27.259389671361507,8.157276995305166,17.6056338028169,4.43075117370892,26.584507042253524,extra low GDP,Others
141,Botswana,3.438,3.576,3.301,1.388,1.146,0.094,0.697,0.018,0.083,0.012,142,low,low,3.3549999999999995,41.37108792846498,34.15797317436662,2.8017883755588677,20.77496274217586,0.5365126676602087,0.3576751117734725,middle GDP,Others
142,Zimbabwe,3.396,3.509,3.283,0.827,0.961,0.178,0.598,0.065,0.131,0.636,143,low,low,3.2649999999999997,25.32924961715161,29.433384379785604,5.45176110260337,18.315467075038285,1.990811638591118,19.47932618683002,extra low GDP,Others
143,Malawi,3.26,3.39,3.13,0.588,0.489,0.28,0.677,0.115,0.136,0.975,144,low,low,3.124,18.822023047375158,15.653008962868117,8.962868117797695,21.670934699103714,3.681177976952625,31.209987195902688,extra low GDP,Others
144,Lebanon,3.188,3.277,3.098,1.223,0.984,0.44,0.279,0.071,0.041,0.15,145,low,low,3.147,38.862408643152214,31.26787416587226,13.98156974896727,8.865586272640611,2.256116936765173,4.7664442326024785,low GDP,Asia
145,Sierra Leone,2.998,3.102,2.894,0.786,0.692,0.327,0.613,0.138,0.052,0.391,146,low,low,2.947,26.671191041737362,23.48150661689854,11.096029860875467,20.800814387512723,4.682728198167629,13.26772989480828,extra low GDP,Asia
146,Afghanistan,1.364,1.427,1.301,0.649,0.0,0.155,0.0,0.075,0.135,0.348,147,low,low,1.2269999999999999,52.893235533822335,0.0,12.632436837815812,0.0,6.112469437652813,28.36185819070905,extra low GDP,Asia
